BEGIN;
CREATE DATABASE IF NOT EXISTS TeamLingo;
USE TeamLingo;

DROP TABLE IF EXISTS ADMINISTRATORS;
DROP TABLE IF EXISTS _USER;
DROP TABLE IF EXISTS CHANGES;
DROP TABLE IF EXISTS USERS_REQUEST_LANGUAGES;
DROP TABLE IF EXISTS LANGUAGES;
DROP TABLE IF EXISTS SYNTAX_RULES;
DROP TABLE IF EXISTS WORD_ORDER;
DROP TABLE IF EXISTS MISCELLANEOUS;
DROP TABLE IF EXISTS VERB_TENSE;
DROP TABLE IF EXISTS SENTENCES;

CREATE TABLE ADMINISTRATORS (
IDADMINISTRATOR		NUMERIC (4) PRIMARY KEY,
ADM_NAME				VARCHAR (30) NOT NULL,
ADM_PASSWORD			VARCHAR (30) NOT NULL);

CREATE TABLE USERS (
IDUSER			NUMERIC(4) PRIMARY KEY,
USER_NAME		VARCHAR(30) NOT NULL,
USER_PASSWORD		VARCHAR(30) NOT NULL);

CREATE TABLE CHANGES (
SUGGESTED_CHANGE		VARCHAR(150),
IDUSER				NUMERIC(4) NOT NULL,
IDADMINISTRATOR		NUMERIC(4) NOT NULL,
CONSTRAINT USERS_IDUSER FOREIGN KEY (IDUSER) REFERENCES USERS(IDUSER),
CONSTRAINT ADMINISTRATORS_IDADMINISTRATOR FOREIGN KEY (IDADMINISTRATOR) REFERENCES ADMINISTRATORS(IDADMINISTRATOR));

CREATE TABLE LANGUAGES (
IDLANGUAGES		NUMERIC (3) NOT NULL,
_LANGUAGE    VARCHAR(20) UNIQUE,
LANGUAGE_FAMILY		VARCHAR(20) NOT NULL,
Progenative_Language	VARCHAR(20) NOT NULL,
CONSTRAINT language_and_id PRIMARY KEY (IDLANGUAGES, _LANGUAGE));

CREATE TABLE SYNTAX_RULES (
IDSYNTAX		NUMERIC (3) PRIMARY KEY,
WORD_ORDER		VARCHAR(4) NOT NULL,
DECLENSION_SYSTEM		VARCHAR(1) NOT NULL,
GENDER_RULES		VARCHAR(1) NOT NULL,
PARTICLE_WORDS		VARCHAR(1) NOT NULL,
_LANGUAGE			VARCHAR(20) NOT NULL,
CONSTRAINT SYNTAX_RULES_LANGUAGE FOREIGN KEY (_LANGUAGE) REFERENCES LANGUAGES(_LANGUAGE));

CREATE TABLE VERB_TENSE (
IDVERB_TENSE			NUMERIC(3) PRIMARY KEY,
_LANGUAGE				VARCHAR(30) NOT NULL,
PAST_SIMPLE				VARCHAR(1) NOT NULL,
PAST_PERFECT			VARCHAR(1) NOT NULL,
PAST_CONTINUOUS			VARCHAR(1) NOT NULL,
PRESENT_SIMPLE			VARCHAR(1) NOT NULL,
PRESENT_PERFECT			VARCHAR(1) NOT NULL,
PRESENT_CONTINUOUS		VARCHAR(1) NOT NULL,
FUTURE_SIMPLE			VARCHAR(1) NOT NULL,
FUTURE_PERFECT			VARCHAR(1) NOT NULL,
FUTURE_CONTINUOUS		VARCHAR(1) NOT NULL,
IDSYNTAX					NUMERIC(3) NOT NULL,
CONSTRAINT VERB_TENSE_IDSYNTAX		FOREIGN KEY (IDSYNTAX) REFERENCES SYNTAX_RULES (IDSYNTAX));

CREATE TABLE SENTENCES (
IDSENTENCES		NUMERIC(3) PRIMARY KEY,
_LANGUAGE		VARCHAR(30) NOT NULL,
SENTENCE_EX		VARCHAR(50),
IDSYNTAX		NUMERIC(3) NOT NULL,
CONSTRAINT SENTENCES_IDSYNTAX		FOREIGN KEY (IDSYNTAX) REFERENCES SYNTAX_RULES(IDSYNTAX));


CREATE TABLE MISCELLANEOUS (
WRITING_SYSTEM		VARCHAR(30) NOT NULL,
_LANGUAGE		VARCHAR(20) NOT NULL,
CONSTRAINT MISCELLANEOUS_RULES_LANGUAGE	FOREIGN KEY (_LANGUAGE) REFERENCES LANGUAGES (_LANGUAGE));

INSERT INTO ADMINISTRATORS VALUES ("1001", "Jdog", "BleachbestAnime01");
INSERT INTO ADMINISTRATORS VALUES ("1002", "Tdog", "DBZbestAnime02");
INSERT INTO ADMINISTRATORS VALUES ("1003", "Odog", "NarutoAnime03");

INSERT INTO USERS VALUES ("2001", "Ichigo113", "KurosakiGang113");
INSERT INTO USERS VALUES ("2002", "Goku432", "KameKameHaaaa!!");
INSERT INTO USERS VALUES ("2003", "Naruto459", "SasukeBBF4ever<3");

INSERT INTO CHANGES VALUES ("Please include Arabic into your list of languages", "2001", "1001");
INSERT INTO CHANGES VALUES ("Why does this database feel like its a class projects for college students?", "2001", "1001");



INSERT INTO LANGUAGES VALUES ("001", "English", "Germanic", "Old German");
INSERT INTO LANGUAGES VALUES ("002", "German", "Germanic", "Old German");
INSERT INTO LANGUAGES VALUES ("003", "Spanish", "Romance", "Latin");
INSERT INTO LANGUAGES VALUES ("004", "Japanese", "Japanese", "Proto-Japanese");
INSERT INTO LANGUAGES VALUES ("005", "Russian", "Slavic", "Proto-Indo European");
INSERT INTO LANGUAGES VALUES ("006", "Arabic", "Semitic", "Old Arabic");
INSERT INTO LANGUAGES VALUES ("007", "Zulu", "Bantu", "Afroasiatic");
INSERT INTO LANGUAGES VALUES ("008", "Samoan", "Polynesian", "Proto-Samoan");

INSERT INTO SYNTAX_RULES VALUES ("001", "SVO", "N", "N","N", "English");
INSERT INTO SYNTAX_RULES VALUES ("002", "Any", "Y", "Y","N", "German");
INSERT INTO SYNTAX_RULES VALUES ("003", "SVO", "N", "Y", "N", "Spanish");
INSERT INTO SYNTAX_RULES VALUES ("004", "SOV", "N", "N", "N", "Japanese");
INSERT INTO SYNTAX_RULES VALUES ("005", "SVO", "Y", "Y", "Y", "Russian");
INSERT INTO SYNTAX_RULES VALUES ("006", "VSO", "Y", "Y", "Y", "Arabic");
INSERT INTO SYNTAX_RULES VALUES ("007", "VO", "N", "N", "N", "Zulu");
INSERT INTO SYNTAX_RULES VALUES ("008", "VSO", "N", "N", "Y", "Samoan");

INSERT INTO VERB_TENSE VALUES ("100", "English", "Y", "Y", "Y", "Y", "Y", "Y","Y", "Y", "Y", "001" );
INSERT INTO VERB_TENSE VALUES ("101", "German", "Y", "Y", "N", "Y", "Y", "N", "Y", "Y", "N", "002");
INSERT INTO VERB_TENSE VALUES ("102", "Spanish", "Y", "Y", "Y", "Y", "Y", "Y", "Y", "Y", "Y", "003");
INSERT INTO VERB_TENSE VALUES ("103", "Japanese", "Y", "N", "Y", "Y", "N", "Y", "N", "N", "N", "004");
INSERT INTO VERB_TENSE VALUES ("104", "Russian", "Y", "N", "Y", "Y", "N", "Y", "Y", "Y", "N", "005");
INSERT INTO VERB_TENSE VALUES ("105", "Arabic", "Y", "N", "N","Y", "N", "N", "N", "N", "N", "006");
INSERT INTO VERB_TENSE VALUES ("106", "Zulu", "Y", "N", "N", "Y", "N", "N","Y", "N", "N", "007");
INSERT INTO VERB_TENSE VALUES ("007", "Samoan", "Y", "N", "N", "Y", "N", "N", "Y", "N", "N", "008");

INSERT INTO SENTENCES VALUES ("200", "English", "The dog walks with the man.", "001");
INSERT INTO SENTENCES VALUES ("201", "German", "Der Hund geht mit dem Mann.", "002");
INSERT INTO SENTENCES VALUES ("202", "Spanish", "El perro camina con el hombre.", "003");
INSERT INTO SENTENCES VALUES ("203", "Japanese", "Inu wa otoko to issho ni aruka.", "004");


INSERT INTO MISCELLANEOUS VALUES ("Roman Alphabet", "English");
INSERT INTO MISCELLANEOUS VALUES ("Roman Alphabet", "German");
INSERT INTO MISCELLANEOUS VALUES ("Roman Alphabet", "Spanish");
INSERT INTO MISCELLANEOUS VALUES ("Kanji, Hiragana, Katakana", "Japanese");
INSERT INTO MISCELLANEOUS VALUES ("Cyrillic", "Russian");
INSERT INTO MISCELLANEOUS VALUES ("Abjad", "Arabic");
INSERT INTO MISCELLANEOUS VALUES ("Roman Alphabet", "Zulu");
INSERT INTO MISCELLANEOUS VALUES ("Roman Alphabet", "Samoan");